  {
    "phrases": [
      {
        "phrase": "A room without books is like a body without a soul.",
        "author": "Marcus Tullius Cicero"
      },
      {
        "phrase": "Two things are infinite: the universe and human stupidity; and I'm not sure about the universe.",
        "author": "Albert Einstein"
      },
      {
        "phrase": "You only live once, but if you do it right, once is enough.",
        "author": "Mae West"
      },
      {
        "phrase": "If you tell the truth, you don't have to remember anything.",
        "author": "Mark Twain"
      },
      {
        "phrase": "Be yourself; everyone else is already taken.",
        "author": "Oscar Wilde"
      },
      {
        "phrase": "Hasta la vista, baby",
        "author": "Terminator"
      }
    ]
  }
